insert into products values
 ("1000-212-006", 120.54, "Pineapple 3/4in. x 2-1/4in. Anchor Hardwood", "Pineapple",
"Hardwood", 60, "1000-212-006.png"),
 ("1000-212-007", 99.54, "Chocolate Melange 3/4in. x 2-1/4in. Anchor Hardwood", "Chocolate
Melange", "Hardwood", 56, "1000-212-007.png"),
 ("1000-212-008", 111.54, "Titian Red 3/4in. x 2-1/4in. Anchor Hardwood", "Titian Red",
"Hardwood", 44, "1000-212-008.png"),
 ("1000-212-009", 99.54, "White Acorn 3/4in. x 2-1/4in. Anchor Hardwood", "White Acorn",
"Hardwood", 20, "1000-212-009.png"),
 ("1000-212-010", 129.54, "Bee Master 3/4in. x 2-1/4in. Anchor Hardwood", "Bee Master",
"Hardwood", 5, "1000-212-010.png"),
 ("1005-553-012", 60.95, "Nantucket Dune 8.7in. x 47.6in. SurvivalCorroboration Vinyl Plank",
"Nantucket Dune", "Vinyl", 65, "1005-553-012.png"),
 ("1005-553-013", 65.95, "Off Black 8.7in. x 47.6in. SurvivalCorroboration Vinyl Plank", "Off
Black", "Vinyl", 28, "1005-553-013.png"),
 ("1005-553-014", 65.95, "Your Majesty 8.7in. x 47.6in. SurvivalCorroboration Vinyl Plank",
"Your Majesty", "Vinyl", 112, "1005-553-014.png"),
 ("1005-553-015", 64.95, "Lover's Kiss 8.7in. x 47.6in. SurvivalCorroboration Vinyl Plank",
"Lover's Kiss", "Vinyl", 40, "1005-553-015.png"),
 ("1005-553-016", 69.95, "Green Mallard 8.7in. x 47.6in. SurvivalCorroboration Vinyl Plank",
"Green Mallard", "Vinyl", 3, "1005-553-016.png"),
 ("1002-661-459", 19.33, "Kiwi Kiss 12in. x 24in. BottleneckOverlord Ceramic Tile", "Kiwi Kiss",
"Tile", 33, "1002-661-459.png"),
 ("1002-661-460", 12.63, "Bluerocracy 12in. x 24in. BottleneckOverlord Ceramic Tile",
"Bluerocracy", "Tile", 198, "1002-661-460.png"),
 ("1002-661-461", 14.78, "Silver Medal 12in. x 24in. BottleneckOverlord Ceramic Tile", "Silver
Medal", "Tile", 29, "1002-661-461.png"),
 ("1002-661-462", 35.41, "Black Licorice 12in. x 24in. BottleneckOverlord Ceramic Tile", "Black
Licorice", "Tile", 61, "1002-661-462.png"),
 ("1002-661-463", 19.12, "Pink Stock 12in. x 24in. BottleneckOverlord Ceramic Tile", "Pink
Stock", "Tile", 72, "1002-661-463.png"),
 ("1002-661-464", 25.26, "Aero 12in. x 24in. BottleneckOverlord Ceramic Tile", "Aero", "Tile",
12, "1002-661-464.png"),
 ("1004-232-106", 17.94, "Terra Brun 25lb. Ritual Sanded Grout", "Terra Brun", "Grout", 26,
"1004-232-106.png"),
 ("1004-232-107", 17.94, "Lite Mocha 25lb. Ritual Sanded Grout", "Lite Mocha", "Grout", 14,
"1004-232-107.png"),
 ("1004-232-108", 17.94, "Chinchilla Grey 25lb. Ritual Sanded Grout", "Chinchilla Grey",
"Grout", 20, "1004-232-108.png"),
 ("1004-232-109", 17.94, "Binrouji Black 25lb. Ritual Sanded Grout", "Binrouji Black", "Grout",
17, "1004-232-109.png"),
 ("1004-232-110", 17.94, "Snowflake 25lb. Ritual Sanded Grout", "Snowflake", "Grout", 35, "1004-
232-110.png"),
 ("1007-654-195", 2.98, "GEP Sponge", "Parmesan", "Tile Tools", 99, "1007-654-195.png"),
 ("1007-652-515", 12.00, "GEP Float", "Silver Spoon", "Tile Tools", 32, "1007-652-515.png"),
 ("1007-554-564", 11.97, "GEP Trowel", "Silver Spoon", "Tile Tools", 25, "1007-554-564.png"),
 ("1007-992-131", 11.98, "1gal Ritual Premixed Adhesive", "Bleached Silk", "Tile Tools", 80,
"1007-992-131.png"),
 ("1007-547-448", 11.48, "50lb. Ritual Thin-set Mortar", "Lynx White", "Tile Tools", 260, "1007-
547-448.png"),
 ("1007-021-166", 10.97, "GEP 100ct. Grout Spacers", "Emptiness", "Tile Tools", 46, "1007-021-
166.png"),
 ("1009-601-492", 33.97, "SurvivalCorroboration Flooring Kit", "Black", "Flooring Tools", 45,
"1009-601-492.png"),
 ("1009-887-763", 73.90, "SurvivalCorroboration Underlayment", "Meatloaf", "Flooring Tools", 87,
"1009-887-763.png"),
 ("1009-735-321", 62.07, "1000ct. 1-1/2in. 18 Gague Anchor Hardwood Nails", "Palladium",
"Flooring Tools", 156, "1009-735-321.png"),
 ("1009-911-045", 23.98, "36in. BottleneckOverlord Transition", "American Silver", "Flooring
Tools", 34, "1009-911-045.png");

insert into employee values
 (111223333, "kenFromMillwork22", "Kenneth", "T", "Kensington", "20 Blue, Wilmington, DE", "01-
05-1978", "M", 150000, NULL),
 (444556666, "Daisy123", "Emma", "E", "Merkel", "35 Green, Wilmington, DE", "11-20-1999", "F",
60000, 111223333),
 (777889999, "PaSsWoRd", "Olaf", "H", "Olafsson", "81 Orange, Wilmington, DE", "10-12-1988",
"M", 70000, 111223333),
 (123121234, "1c3l4nd1sGr33n", "Safi", "L", "Eriksdottir", "122 Violet, Wilmington, DE", "04-01-
2001", "M", 55000, 111223333);

insert into customer values
 ("ApplinKing", "bestDragonType08", "Leon", "R", "Dande", "79 Sword, Dover, DE",
"ldr@pokonstrux.com"),
 ("Insight_Edition", "glow1right2formulate4", "Steve", "A", "Lecter", "12 Shield, Dover, DE",
"cons@insghted.com"),
 ("CylinderDeparture", "junior_helicopter_context09225", "Dianne", "P", "Collins", "66 Sun,
Smyrna, DE", "dcollins@cylinder.com"),
 ("Waterfallup", "futureartist2026", "Mason", "O", "Walker", "901 Moon, Milton, DE",
"mw@waterfallconstructionco.com"),
 ("AmpleIndustries", "password123", "Edward", "X", "Apmle", "255 Scarlet, Glasgow, DE",
"ex@ample.com");

insert into orders values
 ("346465164", "03-08-2022", 1291.00, "ApplinKing"),
 ("639802656", "03-12-2022", 239.80, "ApplinKing"),
 ("555910147", "03-15-2022", 1444.48, "Insight_Edition"),
 ("136812326", "03-15-2022", 5528.64, "CylinderDeparture"),
 ("594243219", "03-25-2022", 35.92, "CylinderDeparture"),
 ("109577813", "04-02-2022", 650.16, "Insight_Edition"),
 ("625030072", "04-10-2022", 2007.72, "CylinderDeparture"),
 ("924109500", "04-18-2022", 767.44, "Waterfallup"),
 ("915274171", "04-28-2022", 538.20, "ApplinKing");

insert into contents values
 (1, "346465164", "1005-553-012", 12, 731.4),
 (2, "346465164", "1005-553-016", 8, 559.6),
 (3, "639802656", "1009-911-045", 10, 239.8),
 (4, "555910147", "1002-661-460", 20, 252.6),
 (5, "555910147", "1002-661-462", 30, 1062.3),
 (6, "555910147", "1004-232-107", 6, 107.64),
 (7, "555910147", "1007-021-166", 2, 21.94),
 (8, "136812326", "1009-735-321", 8, 496.56),
 (9, "136812326", "1000-212-010", 32, 4145.28),
 (10, "136812326", "1009-887-763", 12, 886.8),
 (11, "594243219", "1007-654-195", 4, 11.92),
 (12, "594243219", "1007-652-515", 2, 24),
 (13, "109577813", "1002-661-463", 28, 535.36),
 (14, "109577813", "1007-547-448", 10, 114.8),
 (15, "625030072", "1000-212-008", 18, 2007.72),
 (16, "924109500", "1005-553-016", 10, 699.5),
 (17, "924109500", "1009-601-492", 2, 67.94),
 (18, "915274171", "1004-232-106", 30, 538.2);
